seed,member,kind,epochs,threads,params,minutes,core_minutes,val,test,best_ep,file
0,fno200,fno,200,7,6447873,2100.0,14700.0,0.04820101087349486,0.04800039162629545,29,fno200_s0_w64_m14_L4_mir.json
0,fno,fno,100,10,6447873,661.77,6617.7,0.04749162862312737,0.047120949809460536,99,fno_s0_w64_m14_L4_mir.json
0,hpix,perpixel,,,,,,,0.04570813874500456,,hpix.json
0,hpix5,perpixel,,,,,,,0.045992071975763,,hpix5.json
0,hpix5,hybrid,,,,,,,,,hpix5_corr.json
0,hpix5,split_conformal,,,,,,,,,hpix5_uq.json
0,hpix,hybrid,,,,,,,,,hpix_corr.json
0,hpix,split_conformal,,,,,,,,,hpix_uq.json
0,hstk,hybrid,,,,,,,,,hstk.json
0,hstk5,hybrid,,,,,,,,,hstk5.json
0,krr_full,krr,,,,5.83,,0.05210911337557063,0.05194521606464514,,krr_full_matern52_n19000.json
0,mlpMSE,mlp,120,16,,2.58,41.3,0.0473253261921037,0.04712091934178969,99,mlpMSE_s0_w1024_d4_n19000_mir.json
0,mlpR,mlpR,100,16,,2.6,41.5,0.04761980280099688,0.047283166466304434,99,mlpR_s0_w1024_d4.json
0,mlp,mlp,400,16,,8.83,141.4,0.050145018761133274,0.0498123313677073,69,mlp_s0_w1024_d4_n19000_mir.json
0,unet,unet,100,10,4382977,583.26,5832.6,0.04748975000270619,0.047239320156424965,99,unet_s0_w48_mir.json
1,fno,fno,100,10,6447873,663.16,6631.6,0.04677214713992666,0.047169304741260736,99,fno_s1_w64_m14_L4_mir.json
1,hpix,perpixel,,,,,,,0.04573520459533818,,hpix.json
1,hpix5,perpixel,,,,,,,0.04600889994113213,,hpix5.json
1,hpix5,hybrid,,,,,,,,,hpix5_corr.json
1,hpix5,split_conformal,,,,,,,,,hpix5_uq.json
1,hpix,hybrid,,,,,,,,,hpix_corr.json
1,hpix,split_conformal,,,,,,,,,hpix_uq.json
1,hstk,hybrid,,,,,,,,,hstk.json
1,hstk5,hybrid,,,,,,,,,hstk5.json
1,krr_full,krr,,,,7.85,,0.05171192426626442,0.052002769288151965,,krr_full_matern52_n19000.json
1,mlpMSE,mlp,120,13,,4.47,58.2,0.04699265055007782,0.04741816005907403,119,mlpMSE_s1_w1024_d4_n19000_mir.json
1,mlpR,mlpR,100,13,,4.58,59.5,0.04689376465621905,0.04720893652228155,99,mlpR_s1_w1024_d4.json
1,mlp,mlp,400,13,,14.78,192.1,0.049892337456253516,0.05024885529489189,59,mlp_s1_w1024_d4_n19000_mir.json
1,unet,unet,100,10,4382977,600.96,6009.6,0.047608741945762326,0.04808183386506117,99,unet_s1_w48_mir.json
2,fno,fno,100,10,6447873,795.17,7951.7,0.04655116747940889,0.04705916422424862,99,fno_s2_w64_m14_L4_mir.json
2,hpix,perpixel,,,,,,,0.04564838079767582,,hpix.json
2,hpix5,perpixel,,,,,,,,,hpix5.json
2,hpix,hybrid,,,,,,,,,hpix_corr.json
2,hpix,split_conformal,,,,,,,,,hpix_uq.json
2,hstk,hybrid,,,,,,,,,hstk.json
2,hstk5,hybrid,,,,,,,,,hstk5.json
2,krr_full,krr,,,,9.22,,0.05153355846442359,0.051999093506195276,,krr_full_matern52_n19000.json
2,mlpMSE,mlp,120,10,,5.28,52.8,0.04668172562384919,0.04723784472866929,99,mlpMSE_s2_w1024_d4_n19000_mir.json
2,mlpR,mlpR,100,10,,6.14,61.4,0.0467722495729446,0.04728176579234436,99,mlpR_s2_w1024_d4.json
2,mlp,mlp,400,10,,16.79,167.9,0.04903567241934866,0.04997935240079383,79,mlp_s2_w1024_d4_n19000_mir.json
2,unet,unet,100,10,4382977,686.72,6867.2,0.04674707379322603,0.04757322680811068,99,unet_s2_w48_mir.json
3,fno,fno,100,10,6447873,807.4,8074.0,0.047175798364851175,0.04710569909325043,99,fno_s3_w64_m14_L4_mir.json
3,hpix,perpixel,,,,,,,0.04570025731614134,,hpix.json
3,hpix5,perpixel,,,,,,,0.045984529431569346,,hpix5.json
3,hpix5,hybrid,,,,,,,,,hpix5_corr.json
3,hpix5,split_conformal,,,,,,,,,hpix5_uq.json
3,hpix,hybrid,,,,,,,,,hpix_corr.json
3,hpix,split_conformal,,,,,,,,,hpix_uq.json
3,hstk,hybrid,,,,,,,,,hstk.json
3,hstk5,hybrid,,,,,,,,,hstk5.json
3,krr_full,krr,,,,10.04,,0.05174928229296411,0.05195434532164923,,krr_full_matern52_n19000.json
3,mlpMSE,mlp,120,10,,5.27,52.7,0.04756602203531003,0.047415528490420696,119,mlpMSE_s3_w1024_d4_n19000_mir.json
3,mlpR,mlpR,100,10,,5.44,54.4,0.047625336786961625,0.04728583787052994,99,mlpR_s3_w1024_d4.json
3,mlp,mlp,400,10,,18.25,182.5,0.05002764048087146,0.050080412194961045,69,mlp_s3_w1024_d4_n19000_mir.json
3,unet,unet,100,10,4382977,689.19,6891.9,0.047887834093488485,0.04774543057585949,99,unet_s3_w48_mir.json
4,fno,fno,100,10,6447873,835.49,8354.9,0.047171249860809374,0.047100155891441536,99,fno_s4_w64_m14_L4_mir.json
4,hpix,perpixel,,,,,,,0.045665384493741794,,hpix.json
4,hpix5,perpixel,,,,,,,0.04592593147382291,,hpix5.json
4,hpix5,hybrid,,,,,,,,,hpix5_corr.json
4,hpix5,split_conformal,,,,,,,,,hpix5_uq.json
4,hpix,hybrid,,,,,,,,,hpix_corr.json
4,hpix,split_conformal,,,,,,,,,hpix_uq.json
4,hstk,hybrid,,,,,,,,,hstk.json
4,hstk5,hybrid,,,,,,,,,hstk5.json
4,krr_full,krr,,,,9.62,,0.05174337415402675,0.05198284684378598,,krr_full_matern52_n19000.json
4,mlpMSE,mlp,120,10,,5.51,55.1,0.04732686650652741,0.04733067805868009,119,mlpMSE_s4_w1024_d4_n19000_mir.json
4,mlpR,mlpR,100,10,,5.96,59.6,0.047452635139666785,0.047279261015132086,99,mlpR_s4_w1024_d4.json
4,mlp,mlp,400,10,,18.84,188.4,0.05025180590416956,0.049938055727989525,59,mlp_s4_w1024_d4_n19000_mir.json
4,unet,unet,100,10,4382977,619.62,6196.2,0.047957350423736826,0.04771269817284498,99,unet_s4_w48_mir.json
5,fno,fno,100,10,6447873,831.43,8314.3,0.04732095122730668,0.04729101473666354,99,fno_s5_w64_m14_L4_mir.json
5,hpix,perpixel,,,,,,,0.04566515720765275,,hpix.json
5,hpix5,perpixel,,,,,,,0.0460205756856912,,hpix5.json
5,hpix,hybrid,,,,,,,,,hpix_corr.json
5,hpix,split_conformal,,,,,,,,,hpix_uq.json
5,hstk,hybrid,,,,,,,,,hstk.json
5,krr_full,krr,,,,9.95,,0.05184604599006804,0.051991366691232624,,krr_full_matern52_n19000.json
5,mlpMSE,mlp,120,10,,5.71,57.1,0.04732399752375869,0.047305167824184056,109,mlpMSE_s5_w1024_d4_n19000_mir.json
5,mlpR,mlpR,100,10,,5.93,59.3,0.04751807867586719,0.04742246445085953,99,mlpR_s5_w1024_d4.json
5,mlp,mlp,400,10,,18.98,189.8,0.04964984995184343,0.049667665848649054,69,mlp_s5_w1024_d4_n19000_mir.json
5,unet,unet,100,10,4382977,618.77,6187.7,0.04733003069532171,0.047350810854178436,99,unet_s5_w48_mir.json
6,fno,fno,100,10,6447873,680.48,6804.8,0.047079282384164485,0.04704588030841666,79,fno_s6_w64_m14_L4_mir.json
6,hpix,perpixel,,,,,,,0.0456187286923647,,hpix.json
6,hpix,hybrid,,,,,,,,,hpix_corr.json
6,hpix,split_conformal,,,,,,,,,hpix_uq.json
6,hstk,hybrid,,,,,,,,,hstk.json
6,krr_full,krr,,,,7.69,,0.05190466273122925,0.051988798197405345,,krr_full_matern52_n19000.json
6,mlpMSE,mlp,120,10,,3.88,38.8,0.04742816569439435,0.04733867602686182,109,mlpMSE_s6_w1024_d4_n19000_mir.json
6,mlpR,mlpR,100,10,,4.09,40.9,0.04746320889973265,0.04732720448035433,99,mlpR_s6_w1024_d4.json
6,mlp,mlp,400,10,,13.24,132.4,0.04997707191005438,0.050028501531917624,39,mlp_s6_w1024_d4_n19000_mir.json
6,unet,unet,100,10,4382977,575.98,5759.8,0.04706146195789935,0.04695732424980848,99,unet_s6_w48_mir.json
7,fno,fno,100,10,6447873,686.65,6866.5,0.04690525370842936,0.04706493021674998,99,fno_s7_w64_m14_L4_mir.json
7,hpix,perpixel,,,,,,,0.045625999179396984,,hpix.json
7,hpix,hybrid,,,,,,,,,hpix_corr.json
7,hpix,split_conformal,,,,,,,,,hpix_uq.json
7,hstk,hybrid,,,,,,,,,hstk.json
7,krr_full,krr,,,,7.72,,0.05200686137022079,0.05198389923985019,,krr_full_matern52_n19000.json
7,mlpMSE,mlp,120,10,,5.05,50.5,0.047216073989556136,0.04747032717336327,119,mlpMSE_s7_w1024_d4_n19000_mir.json
7,mlpR,mlpR,100,10,,5.22,52.2,0.04737839274175905,0.04730470000432652,99,mlpR_s7_w1024_d4.json
7,mlp,mlp,400,10,,16.71,167.1,0.05016947625023145,0.0503084997406527,49,mlp_s7_w1024_d4_n19000_mir.json
7,unet,unet,100,10,4382977,573.41,5734.1,0.04745878444373936,0.04761524062156971,99,unet_s7_w48_mir.json
8,fno,fno,100,10,6447873,793.31,7933.1,0.04780592311679574,0.04694132842418849,99,fno_s8_w64_m14_L4_mir.json
8,hpix,perpixel,,,,,,,0.04565833235806962,,hpix.json
8,hpix,hybrid,,,,,,,,,hpix_corr.json
8,hpix,split_conformal,,,,,,,,,hpix_uq.json
8,hstk,hybrid,,,,,,,,,hstk.json
8,krr_full,krr,,,,9.37,,0.05238731489004742,0.05193417267411436,,krr_full_matern52_n19000.json
8,mlpMSE,mlp,120,10,,5.47,54.7,0.04799386205086429,0.047278514793526745,119,mlpMSE_s8_w1024_d4_n19000_mir.json
8,mlpR,mlpR,100,10,,5.57,55.7,0.04829175234663111,0.047330682071338864,99,mlpR_s8_w1024_d4.json
8,mlp,mlp,400,10,,18.04,180.4,0.05078727160501809,0.04960416496363668,49,mlp_s8_w1024_d4_n19000_mir.json
8,unet,unet,100,10,4382977,676.29,6762.9,0.04846669307331062,0.047559268967639505,99,unet_s8_w48_mir.json
9,fno,fno,100,10,6447873,822.83,8228.3,0.0473790166348182,0.04687953992175815,99,fno_s9_w64_m14_L4_mir.json
9,hpix,perpixel,,,,,,,0.0456357438105755,,hpix.json
9,hpix,hybrid,,,,,,,,,hpix_corr.json
9,hpix,split_conformal,,,,,,,,,hpix_uq.json
9,hstk,hybrid,,,,,,,,,hstk.json
9,krr_full,krr,,,,9.83,,0.05222935633909331,0.051928236443098276,,krr_full_matern52_n19000.json
9,mlpMSE,mlp,120,10,,5.83,58.3,0.04771635158923702,0.04715423248343316,109,mlpMSE_s9_w1024_d4_n19000_mir.json
9,mlpR,mlpR,100,10,,6.0,60.0,0.04778761081344194,0.04727888828142262,99,mlpR_s9_w1024_d4.json
9,mlp,mlp,400,10,,19.2,192.0,0.04975221830206475,0.049428618181437414,49,mlp_s9_w1024_d4_n19000_mir.json
9,unet,unet,100,10,4382977,629.42,6294.2,0.04805685536297619,0.047469030864802406,99,unet_s9_w48_mir.json
91,fno,fno,2,16,6447873,12.34,197.4,0.05405693716773836,0.05370775210668994,1,fno_s91_w64_m14_L4_mir.json
91,hpix,perpixel,,,,,,,0.04848304389093857,,hpix.json
91,hpix,hybrid,,,,,,,,,hpix_corr.json
91,hpix,split_conformal,,,,,,,,,hpix_uq.json
91,hstk,hybrid,,,,,,,,,hstk.json
91,krr_full,krr,,,,5.72,,0.05238257101219212,0.05220920835264916,,krr_full_matern52_n19000.json
91,mlpMSE,mlp,2,16,,0.08,1.2,0.07202979986042315,0.07209987168224644,-1,mlpMSE_s91_w1024_d4_n19000_mir.json
91,mlpR,mlpR,2,16,,0.09,1.4,0.062303413117196754,0.0622768365275949,-1,mlpR_s91_w1024_d4.json
91,mlp,mlp,2,16,,0.08,1.2,0.06648291416960904,0.06653207685011552,-1,mlp_s91_w1024_d4_n19000_mir.json
91,unet,unet,2,16,4382977,8.49,135.9,0.113408827149435,0.1125013339448774,1,unet_s91_w48_mir.json
